IP Address,Count
54.93.188.152,1
148.72.165.7,1
188.166.197.129,1
67.43.228.253,1
116.125.141.115,1
20.111.54.16,1
185.201.8.166,1
18.156.84.98,1
34.97.192.154,1
119.9.77.49,1
159.223.231.169,1
54.93.242.174,1
43.200.77.128,1
158.255.77.169,1
178.16.129.11,1
51.254.78.223,1
178.128.199.145,1
31.220.78.244,1
41.196.0.163,1
160.86.242.23,1
213.233.177.134,1
198.49.68.80,1
89.213.0.29,1
51.222.161.115,1
41.169.69.91,1
47.56.110.204,1
72.10.164.178,1
85.215.64.49,1
72.10.160.171,1
87.98.148.98,1
72.10.160.170,1
50.217.226.41,1
178.128.113.118,1
198.44.255.3,1
23.88.51.178,1
147.78.243.134,1
172.191.74.198,1
187.94.100.254,1
213.16.31.11,1
23.247.136.245,1
50.207.199.86,1
124.243.133.226,1
50.217.226.44,1
0.0.0.0,1
50.172.75.122,1
116.203.28.43,1
50.172.75.120,1
211.128.96.206,1
20.24.43.214,1
68.185.57.66,1
50.172.75.114,1
50.231.104.58,1
50.174.7.156,1
72.10.160.91,1
50.207.199.81,1
123.30.154.171,1
51.89.255.67,1
20.206.106.192,1
127.0.0.7,1
20.210.113.32,1
47.74.152.29,1
74.208.245.106,1
212.80.19.203,1
188.132.222.6,1
185.184.217.250,1
103.156.74.154,1
115.73.18.41,1
89.145.162.81,1
198.74.51.79,1
84.39.112.144,1
82.102.10.253,1
67.43.227.228,1
67.43.236.18,1
103.151.20.131,1
209.97.150.167,1
162.223.90.130,1
89.221.215.128,1
185.164.73.117,1
139.59.1.14,1
67.43.236.21,1
61.239.229.209,1
97.74.87.226,1
129.10.76.179,1
194.182.163.117,1
47.91.121.127,1
34.97.46.98,1
45.92.108.112,1
192.73.244.36,1
47.251.43.115,1
4.175.200.138,1
41.204.53.19,1
65.108.9.181,1
34.97.78.175,1
103.157.59.75,1
45.230.48.131,1
124.107.204.61,1
203.190.46.99,1
157.254.53.50,1
43.134.68.153,1
43.153.208.148,1
31.47.58.37,1
16.171.74.5,1
198.24.187.93,1
47.178.24.220,1
89.116.191.51,1
67.43.227.229,1
72.10.160.90,1
67.43.227.227,1
67.43.228.250,1
67.43.236.19,1
133.18.234.13,1
139.162.78.109,1
87.248.129.26,1
114.129.2.82,1
159.203.61.169,1
198.24.188.142,1
193.233.84.103,1
173.0.10.21,1
107.181.132.214,1
206.232.13.243,1
64.137.124.94,1
104.249.55.204,1
45.43.70.40,1
104.250.205.234,1
104.143.226.183,1
104.167.6.218,1
47.250.51.110,1
41.204.53.17,1
194.182.187.78,1
23.82.137.157,1
65.108.207.6,1
182.253.7.146,1
103.153.246.54,1
103.122.1.14,1
128.92.239.190,1
103.39.70.4,1
39.62.5.240,1
159.69.80.113,1
89.58.38.239,1
103.153.246.46,1
110.235.250.77,1
154.202.121.42,1
86.38.154.156,1
216.173.76.168,1
154.84.143.211,1
104.207.39.195,1
104.232.209.144,1
104.143.226.14,1
154.202.110.229,1
154.202.121.32,1
156.228.105.157,1
86.38.236.46,1
104.207.35.28,1
103.174.237.67,1
125.25.20.34,1
104.250.204.40,1
104.252.131.75,1
154.29.232.86,1
64.64.115.54,1
104.143.248.84,1
45.43.64.211,1
38.170.159.30,1
156.228.96.10,1
216.173.76.7,1
45.43.82.233,1
66.78.34.181,1
104.143.224.62,1
104.207.46.9,1
45.43.71.203,1
156.228.105.39,1
104.238.10.21,1
45.41.177.128,1
161.123.93.109,1
104.207.38.71,1
104.252.131.220,1
104.165.127.97,1
156.239.49.75,1
104.207.34.3,1
206.206.73.13,1
104.207.35.83,1
156.239.52.75,1
198.105.108.217,1
45.43.68.125,1
104.165.169.59,1
104.165.127.16,1
107.173.137.37,1
104.207.39.190,1
104.207.32.133,1
136.0.207.107,1
156.239.55.63,1
104.207.36.59,1
104.143.252.24,1
104.207.39.224,1
156.239.48.113,1
104.165.169.11,1
104.207.36.123,1
198.105.101.62,1
104.207.35.184,1
45.41.179.92,1
64.64.118.17,1
104.207.47.118,1
104.207.34.133,1
23.109.225.60,1
156.239.55.179,1
206.206.118.163,1
104.207.48.17,1
104.207.44.178,1
104.207.39.47,1
38.153.133.251,1
156.239.49.103,1
104.164.183.40,1
104.207.38.24,1
156.239.55.251,1
43.130.35.101,1
104.250.207.106,1
156.239.52.144,1
156.239.52.232,1
156.239.49.89,1
104.165.169.178,1
156.239.50.242,1
104.207.32.206,1
156.239.55.7,1
104.207.36.243,1
104.207.37.77,1
156.239.50.62,1
104.207.46.231,1
104.207.37.212,1
104.164.183.216,1
202.155.186.87,1
104.165.127.115,1
104.165.127.122,1
104.207.39.29,1
185.105.230.45,1
104.207.38.96,1
156.239.49.32,1
156.239.55.141,1
104.239.97.188,1
154.201.61.33,1
156.228.90.41,1
104.207.38.124,1
162.214.165.203,1
65.109.220.163,1
47.242.47.64,1
34.97.220.13,1
34.97.176.53,1
134.122.26.11,1
34.97.72.201,1
34.97.52.66,1
43.134.229.98,1
8.213.128.90,1
202.180.20.10,1
128.199.202.122,1
41.204.53.30,1
103.190.179.27,1
154.236.177.105,1
66.29.154.103,1
8.219.97.248,1
34.97.61.13,1
34.97.65.59,1
34.97.11.208,1
43.133.59.220,1
34.81.72.31,1
13.53.228.101,1
103.127.1.130,1
15.235.153.57,1
194.182.178.90,1
115.72.160.116,1
62.169.26.156,1
177.136.86.5,1
202.57.26.58,1
103.242.104.149,1
58.147.171.110,1
180.180.100.109,1
45.70.203.122,1
103.147.118.142,1
116.80.84.45,1
54.93.97.30,1
72.10.160.93,1
34.97.190.56,1
34.97.67.132,1
34.97.68.25,1
47.241.43.44,1
67.43.228.252,1
67.43.227.226,1
34.97.229.206,1
41.204.53.27,1
51.75.206.209,1
202.154.18.12,1
198.12.85.213,1
117.54.114.103,1
154.64.226.138,1
167.249.29.220,1
103.155.199.180,1
47.247.141.78,1
103.203.232.101,1
202.179.95.174,1
103.48.69.57,1
138.0.141.46,1
206.1.227.51,1
103.164.223.53,1
11.22.33.0,1
11.22.33.255,1
